timestamp	commit	skill	old_score	new_score	status	dimension	note	eval_mode
2026-07-05T19:45	baseline	sync-cc-docs-to-youdaonote	-	73.6	baseline	-	初始评估：结构清晰但缺少显性检查点和反例清单	full_test
2026-07-05T19:50	67e79cb	sync-cc-docs-to-youdaonote	73.6	75.4	keep	检查点设计	添加 🔴 CHECKPOINT 显性视觉标记	full_test
2026-07-05T19:52	67e79cb	sync-cc-docs-to-youdaonote	75.4	77.8	keep	反例与黑名单	添加反模式与危险操作章节（6 条反例）	full_test
2026-07-05T19:54	67e79cb	sync-cc-docs-to-youdaonote	77.8	80.2	keep	失败模式编码	升级为三段式 fallback 表	full_test
2026-07-08T21:29	baseline	sync-cc-tips	-	87.0	baseline	-	结构686/760(dim1-7,9=9,9,9,9,9,8,9,10)+dim8=8(5测试prompt模拟轨迹判断均正确) 警告:dry_run比例100%超30%阈值，效果维度可信度需人工复核	dry_run
2026-07-08T21:40	c1a812b	sync-cc-tips	87.0	87.6	keep	检查点设计	第二步空文件分支补充🔴CHECKPOINT+"停下询问"语义强化；独立裁判盲评该行4→9分，dim4整体9→10；dim8未受影响(该分支无对应测试prompt覆盖)	dry_run
2026-07-08T21:47	3544250	sync-cc-tips	87.6	88.8	keep	失败模式编码	第三步补充三段式fallback表(信息缺失/新增修改冲突)；独立裁判盲评该步局部5→7分(指出删除条件判定模糊仍未覆盖，非全面对齐)，据此dim3整体9→10；连续2轮Δ<2(0.6,1.2)，触发HL-4触顶信号，建议进入Phase3	dry_run
2026-07-08T22:03	baseline	csharp-code-review	-	58.6	baseline	-	结构494/760(dim1=7,dim2=7,dim3=3,dim4=6,dim5=9,dim6=7,dim7=8,dim9=2)+dim8=4(3组full_test对比，测试2场景发现带skill明显弱于baseline：审查范围局限在风格规则11类，遗漏API健壮性/异常语义/取消传播等真实问题，命中P0"带skill比不带还差")	full_test
2026-07-08T22:14	e20d12d	csharp-code-review	58.6	68.1	keep	整体架构+实测表现(功能扩展,非常规round)	用户要求扩展审查范围，新增第12类"API设计与健壮性"(异常语义统一/取消令牌传播/隐式依赖契约/异常吞没)，补齐version字段+CHANGELOG.md；独立裁判盲评A(改动前)2分/B(baseline)7分/C(改动后)9分确认非编造凑数；dim1 7→9(version补齐)，dim7 8→9(description与能力范围对齐)，dim8 4→7(测试2从2分→9分，测试1/3未受影响维持原判)；dim3失败模式编码、dim9反例黑名单仍是遗留结构短板，未在本次范围内处理	full_test
2026-07-08T22:27	b39216d	csharp-code-review	68.1	74.1	keep	失败模式编码	补充「触发条件/一线处理/仍失败兜底」表(5种边界场景)+明确严重级别判定原则(会导致bug/崩溃→🔴,仅影响可维护性→🟡)，解决实测中"公共字段未封装"判级不一致问题；独立裁判盲评该判定分支1→8分("质的变化,非表面措辞")，据此dim3整体3→8；dim9反例黑名单(2/10)仍是唯一遗留结构短板	full_test
2026-07-08T22:37	7e53a1b	csharp-code-review	74.1	77.1	keep	反例与黑名单	新增⛔反例黑名单章节(6条)；独立裁判逐条核实真实性:2条有本项目自己评测记录背书(忽视健壮性/severity判定)，2条是既有fallback表内容重新包装(净增量有限)，2条合理外推；改动前2→改动后7(非满分因重复内容占比高)，据此dim9整体2→7；裁判额外发现高价值缺口:skill推荐C#9-12新语法(required/primary构造函数/集合表达式)却从未提醒确认用户项目langVersion，若用户项目是.NET6及更早会产出编译不通过的代码，此风险完全未覆盖，建议作为round4候选	full_test
2026-07-08T22:43	6fbe451	csharp-code-review	77.1	78.3	keep	失败模式编码(round4,补langVersion风险)	fallback表新增第6行:修正代码用C#9+新语法时须注明最低版本，无法确认用户项目langVersion时提供兼容旧版本替代写法；独立裁判验证实测输出:正确识别required/init各自所需版本(C#11/.NET7+、C#9+)，主动提供兼容C#8替代方案，规则被完整正确执行且质量超过字面要求；改动前1→改动后9(局部)，据此dim3整体8→9；裁判指出可打磨点:应先尝试确认.csproj再降级兜底，非本轮修复范围；Δ已降至1.2(round3是3.0)，边际收益递减，建议考虑收尾	full_test
